movie_id,director_id
0,0
1,1
967,1
1234,1
1558,1
2,2
3,3
4,4
5,5
1357,5
1464,5
6,6
465,6
7,7
8,8
716,8
8,9
89,9
9,10
399,10
1169,10
10,11
38,11
1057,11
1157,11
1185,11
11,12
12,13
13,14
14,15
680,15
1278,15
15,16
16,17
832,17
17,18
18,19
19,20
20,21
569,21
21,22
21,23
21,24
22,25
23,26
24,27
25,28
26,29
1003,29
27,30
28,31
28,32
29,33
30,34
655,34
797,34
30,35
31,36
32,37
145,37
33,38
65,38
728,38
902,38
903,38
1130,38
1552,38
34,39
35,40
36,41
37,42
39,43
39,44
40,45
40,46
41,47
42,48
890,48
43,49
44,50
45,51
46,52
46,53
47,54
84,54
188,54
206,54
358,54
402,54
717,54
727,54
798,54
936,54
1147,54
1445,54
48,55
48,56
49,57
51,58
52,59
53,60
55,61
56,62
57,63
432,63
635,63
814,63
1200,63
1456,63
58,64
59,65
366,65
1377,65
60,66
303,66
340,66
406,66
537,66
979,66
1387,66
1481,66
1581,66
61,67
62,68
62,69
63,70
1013,70
64,71
64,72
1337,72
65,73
812,73
930,73
939,73
66,74
67,75
83,75
287,75
799,75
993,75
68,76
69,77
857,77
893,77
1015,77
1120,77
1190,77
1429,77
70,78
878,78
958,78
979,78
71,79
961,79
72,80
73,81
74,82
76,83
77,84
78,85
933,85
79,86
95,86
527,86
80,87
253,87
522,87
662,87
750,87
761,87
838,87
1371,87
81,88
82,89
85,90
85,91
85,92
86,93
112,93
610,93
889,93
1072,93
1328,93
87,94
88,95
90,96
1349,96
90,97
91,98
92,99
94,100
96,101
382,101
406,101
861,101
1032,101
1054,101
1094,101
1307,101
1397,101
1537,101
1569,101
97,102
99,102
98,103
161,103
100,104
101,105
102,106
103,107
104,108
105,109
106,110
106,111
273,111
107,112
108,113
109,114
110,115
111,116
113,117
114,118
564,118
803,118
1177,118
115,119
148,119
816,119
1053,119
116,120
117,121
305,121
1008,121
1216,121
1279,121
118,122
1308,122
119,123
453,123
631,123
1251,123
1413,123
120,124
121,125
945,125
979,125
996,125
122,126
452,126
123,127
205,127
242,127
261,127
306,127
362,127
528,127
557,127
911,127
1570,127
124,128
125,129
126,130
1129,130
1478,130
1487,130
127,131
128,132
194,132
1140,132
129,133
1523,133
130,134
131,135
694,135
1026,135
132,136
1412,136
133,137
134,138
135,139
136,140
136,141
137,142
531,142
138,143
963,143
139,144
357,144
140,145
141,146
142,147
143,148
397,148
144,149
381,149
777,149
146,150
147,151
706,151
1340,151
149,152
150,153
151,154
167,154
170,154
421,154
944,154
151,155
611,155
1112,155
1356,155
1495,155
151,156
237,156
266,156
421,156
609,156
944,156
1112,156
1495,156
152,157
153,158
154,159
155,160
156,161
157,162
403,162
526,162
656,162
803,162
839,162
1285,162
1465,162
1565,162
158,163
159,164
160,165
1472,165
162,166
163,167
164,168
164,169
165,170
165,171
166,172
167,173
169,174
170,175
237,175
171,176
172,177
173,178
1220,178
174,179
530,179
887,179
175,180
176,181
177,182
177,183
178,184
179,185
180,186
1323,186
1453,186
181,187
182,188
183,189
677,189
183,190
677,190
184,191
185,192
186,193
924,193
187,194
187,195
187,196
187,197
189,198
190,199
191,200
192,201
192,202
193,203
383,203
684,203
1560,203
193,204
383,204
684,204
1560,204
195,205
196,206
1275,206
197,207
198,208
199,209
299,209
356,209
417,209
725,209
1226,209
199,210
468,210
200,211
201,212
982,212
1034,212
1472,212
1480,212
202,213
457,213
1415,213
203,214
204,215
207,216
224,216
272,216
877,216
941,216
1282,216
208,217
209,218
579,218
210,219
211,220
212,221
843,221
1246,221
213,222
214,223
215,224
216,225
763,225
216,226
763,226
217,227
218,228
219,229
296,229
1342,229
1418,229
220,230
221,231
222,232
499,232
223,233
223,234
673,234
225,235
226,236
498,236
226,237
498,237
227,238
1385,238
228,239
789,239
229,240
230,241
442,241
1434,241
231,242
232,243
233,244
766,244
234,245
857,245
979,245
1089,245
1351,245
1457,245
235,246
236,247
238,248
979,248
1472,248
1545,248
239,249
240,250
240,251
241,252
243,253
351,253
870,253
1201,253
1309,253
1556,253
243,254
351,254
870,254
1201,254
1309,254
1556,254
244,255
245,256
246,257
247,258
881,258
247,259
797,259
247,260
248,261
574,261
1322,261
249,262
250,263
485,263
251,264
252,265
253,266
384,266
491,266
254,267
255,268
256,269
562,269
257,270
258,271
258,272
258,273
259,274
260,275
439,275
485,275
262,276
263,277
263,278
264,279
265,280
266,281
609,281
267,282
1284,282
1365,282
268,283
1016,283
269,284
438,284
462,284
976,284
270,285
271,286
274,287
985,287
275,288
275,289
276,290
389,290
790,290
277,291
278,292
359,292
279,293
280,294
298,294
489,294
281,295
559,295
895,295
973,295
1215,295
1452,295
282,296
474,296
283,297
284,298
815,298
285,299
365,299
596,299
857,299
872,299
1181,299
1223,299
1287,299
286,300
286,301
770,301
1065,301
288,302
289,303
290,304
291,305
292,306
830,306
1384,306
293,307
294,308
295,309
295,310
295,311
297,312
299,313
356,313
725,313
897,313
1226,313
1483,313
300,314
672,314
301,315
387,315
301,316
302,317
304,318
307,319
308,320
308,321
1227,321
309,322
310,323
311,324
312,325
313,326
314,327
355,327
1088,327
315,328
927,328
1023,328
316,329
317,330
318,331
319,332
1145,332
320,333
321,334
413,334
719,334
850,334
1304,334
322,335
323,336
1424,336
324,337
325,338
325,339
326,340
327,341
327,342
328,343
329,344
330,345
331,346
331,347
1407,347
332,348
333,349
334,350
335,351
550,351
1363,351
337,352
337,353
338,354
339,355
341,356
341,357
342,358
401,358
343,359
344,360
345,361
346,362
501,362
1250,362
347,363
415,363
348,364
349,365
875,365
1219,365
350,366
653,366
352,367
865,367
353,368
354,369
354,370
1316,370
360,371
361,372
363,373
364,374
366,375
505,375
675,375
1044,375
1083,375
1377,375
367,376
368,377
369,378
370,379
371,380
372,381
373,382
700,382
1347,382
374,383
492,383
575,383
374,384
375,385
376,386
480,386
377,387
378,388
628,388
710,388
801,388
379,389
1151,389
1163,389
380,390
385,391
409,391
1477,391
1561,391
386,392
517,392
1124,392
1425,392
388,393
390,394
391,395
392,396
393,397
394,398
394,399
395,400
396,401
398,402
400,403
726,403
404,404
1497,404
1507,404
405,405
818,405
1180,405
406,406
471,406
657,406
846,406
1534,406
407,407
408,408
410,409
411,410
411,411
412,412
1502,412
414,413
416,414
418,415
419,416
420,417
422,418
423,419
424,420
425,421
1193,421
426,422
427,423
428,424
428,425
1036,425
429,426
429,427
429,428
430,429
430,430
431,431
431,432
433,433
433,434
434,435
435,436
436,437
1148,437
437,438
437,439
439,440
440,441
441,442
441,443
443,444
444,445
444,446
444,447
444,448
444,449
445,450
446,451
447,452
1187,452
448,453
883,453
449,454
449,455
450,456
451,457
1117,457
454,458
455,459
456,460
456,461
456,462
458,463
459,464
460,465
987,465
461,466
463,467
534,467
556,467
805,467
464,468
466,469
835,469
469,470
1498,470
470,471
472,472
473,473
475,474
651,474
476,475
477,476
478,477
482,478
483,479
821,479
1062,479
1116,479
1126,479
1364,479
1522,479
484,480
486,481
486,482
487,483
488,484
490,485
493,486
494,487
874,487
495,488
496,489
497,490
500,491
502,492
503,493
504,494
506,495
507,496
508,497
509,498
510,499
771,499
1514,499
511,500
512,501
513,502
514,503
787,503
514,504
787,504
515,505
516,506
518,507
1030,507
1411,507
1549,507
519,508
919,508
926,508
1085,508
1317,508
520,509
943,509
521,510
523,511
523,512
523,513
523,514
524,515
736,515
525,516
527,517
532,518
533,519
535,520
535,521
536,522
538,523
715,523
1139,523
1271,523
1278,523
539,524
1191,524
540,525
541,526
542,527
543,528
544,529
1580,529
545,530
546,531
547,532
548,533
549,534
551,535
552,536
552,537
553,538
554,539
980,539
555,540
627,540
558,541
560,542
1115,542
561,543
619,543
857,543
1394,543
561,544
619,544
857,544
1394,544
563,545
565,546
639,546
566,547
1437,547
1457,547
567,548
568,549
568,550
570,551
571,552
572,553
572,554
573,555
576,556
577,557
578,558
578,559
780,559
580,560
675,560
580,561
581,562
582,563
583,564
583,565
583,566
583,567
584,568
585,569
587,570
588,571
589,572
590,573
591,574
1202,574
591,575
625,575
1202,575
592,576
593,577
1261,577
594,578
595,579
597,580
755,580
598,581
599,582
600,583
601,584
602,585
603,586
1267,586
604,587
605,588
606,589
1288,589
607,590
608,591
612,592
613,593
613,594
614,595
615,596
1076,596
616,597
617,598
618,599
620,600
621,601
785,601
622,602
623,603
957,603
625,604
1011,604
1171,604
1269,604
626,605
629,606
629,607
630,608
1136,608
632,609
633,610
1433,610
634,611
634,612
636,613
637,614
638,615
638,616
640,617
1568,617
641,618
642,619
642,620
643,621
644,622
645,623
646,624
647,625
648,626
649,627
650,628
652,629
824,629
928,629
940,629
984,629
1004,629
1392,629
654,630
1081,630
658,631
729,631
914,631
998,631
659,632
659,633
660,634
661,635
662,636
1371,636
663,637
664,638
665,639
666,640
856,640
667,641
668,642
668,643
669,644
670,645
671,646
674,647
1431,647
675,648
675,649
675,650
676,651
678,652
1508,652
679,653
681,654
681,655
682,656
1069,656
683,657
685,658
686,659
1018,659
687,660
915,660
1261,660
688,661
689,662
1156,662
690,663
691,664
1521,664
691,665
1521,665
692,666
693,667
695,668
696,669
696,670
698,671
1321,671
699,672
701,673
844,673
701,674
844,674
702,675
757,675
1259,675
1414,675
703,676
704,677
704,678
705,679
706,680
707,681
838,681
1425,681
708,682
709,683
709,684
711,685
712,686
1530,686
713,687
734,687
713,688
1176,688
714,689
1368,689
715,690
1271,690
718,691
718,692
718,693
720,694
721,695
722,696
723,697
724,698
730,699
731,700
732,701
733,702
735,703
735,704
737,705
738,706
739,707
740,708
741,709
742,710
743,711
743,712
744,713
745,714
1079,714
746,715
747,716
748,717
748,718
749,719
751,720
751,721
752,722
753,723
1095,723
753,724
754,725
1059,725
1532,725
756,726
1118,726
756,727
758,728
759,729
759,730
761,731
762,732
764,733
765,734
1325,734
767,735
1294,735
1577,735
769,736
772,737
773,738
774,739
775,740
776,741
778,742
1098,742
779,743
780,744
780,745
781,746
1459,746
782,747
1287,747
1574,747
783,748
783,749
784,750
786,751
786,752
788,753
1490,753
791,754
791,755
792,756
904,756
793,757
793,758
794,759
795,760
1462,760
796,761
800,762
802,763
802,764
804,765
806,766
806,767
807,768
808,769
809,770
810,771
811,772
813,773
817,774
819,775
820,776
1393,776
822,777
823,778
935,778
825,779
826,780
827,781
828,782
829,783
831,784
832,785
833,786
834,787
1141,787
1302,787
834,788
836,789
1442,789
837,790
840,791
840,792
840,793
841,794
911,794
842,795
845,796
847,797
848,798
849,799
851,800
852,801
853,802
854,803
855,804
858,805
859,806
860,807
1039,807
1361,807
862,808
863,809
864,810
1369,810
866,811
867,812
868,813
869,814
869,815
871,816
873,817
876,818
879,819
880,820
880,821
880,822
881,823
881,824
882,825
884,826
885,827
886,828
888,829
891,830
892,831
893,832
894,833
896,834
896,835
896,836
898,837
899,838
900,839
901,840
1021,840
905,841
906,842
907,843
908,844
1444,844
909,845
910,846
910,847
910,848
912,849
912,850
913,851
913,852
913,853
916,854
917,855
918,856
920,857
921,858
922,859
923,860
924,861
925,862
968,862
925,863
968,863
925,864
968,864
929,865
930,866
931,867
932,868
934,869
937,870
970,870
938,871
939,872
1131,872
942,873
946,874
1099,874
1362,874
946,875
947,876
1583,876
948,877
953,877
1186,877
1297,877
949,878
950,879
1248,879
951,880
952,881
954,882
955,883
955,884
956,885
959,886
960,887
962,888
981,888
964,889
1230,889
1475,889
965,890
1517,890
966,891
969,892
971,893
972,894
974,895
974,896
975,897
977,898
978,899
983,900
986,901
986,902
988,903
989,904
990,905
991,906
992,907
994,908
995,909
999,910
1000,911
1001,912
1005,913
1006,914
1114,914
1428,914
1007,915
1007,916
1009,917
1009,918
1010,919
1011,920
1012,921
1014,922
1017,923
1020,924
1289,924
1370,924
1022,925
1443,925
1024,926
1041,926
1024,927
1025,928
1027,929
1028,930
1029,931
1031,932
1031,933
1033,934
1035,935
1036,936
1036,937
1037,938
1038,939
1040,940
1479,940
1041,941
1042,942
1043,943
1484,943
1044,944
1045,945
1046,946
1047,947
1047,948
1048,949
1049,950
1050,951
1051,952
1052,953
1055,954
1055,955
1056,956
1058,957
1060,958
1061,959
1063,960
1063,961
1064,962
1067,963
1068,964
1070,965
1071,966
1296,966
1073,967
1074,968
1077,969
1078,970
1080,971
1082,972
1352,972
1084,973
1086,974
1087,975
1091,976
1092,977
1093,978
1164,978
1096,979
1096,980
1097,981
1098,982
1100,983
1101,984
1102,985
1103,986
1399,986
1104,987
1105,988
1106,989
1331,989
1107,990
1107,991
1107,992
1108,993
1109,994
1110,995
1111,996
1113,997
1119,998
1121,999
1122,1000
1123,1001
1125,1002
1127,1003
1128,1004
1132,1005
1133,1006
1133,1007
1134,1008
1135,1009
1137,1010
1138,1011
1510,1011
1141,1012
1142,1013
1143,1014
1144,1015
1146,1016
1149,1017
1150,1018
1151,1019
1152,1020
1153,1021
1400,1021
1154,1022
1237,1022
1155,1023
1158,1024
1159,1025
1160,1026
1161,1027
1162,1028
1165,1029
1166,1030
1166,1031
1166,1032
1176,1032
1167,1033
1168,1034
1170,1035
1324,1035
1172,1036
1173,1037
1174,1038
1178,1039
1179,1040
1179,1041
1182,1042
1183,1043
1184,1044
1188,1045
1189,1046
1270,1046
1192,1047
1194,1048
1195,1049
1196,1050
1262,1050
1197,1051
1197,1052
1198,1053
1199,1054
1199,1055
1203,1056
1204,1057
1205,1058
1205,1059
1206,1060
1207,1061
1208,1062
1209,1063
1551,1063
1210,1064
1211,1065
1466,1065
1212,1066
1213,1067
1214,1068
1217,1069
1218,1070
1221,1071
1222,1072
1224,1073
1225,1074
1228,1075
1228,1076
1229,1077
1231,1078
1231,1079
1232,1080
1233,1081
1235,1082
1236,1083
1238,1084
1239,1085
1239,1086
1240,1087
1241,1088
1242,1089
1242,1090
1243,1091
1244,1092
1245,1093
1247,1094
1252,1095
1253,1096
1254,1097
1255,1098
1345,1098
1256,1099
1257,1100
1258,1101
1260,1102
1260,1103
1390,1103
1263,1104
1264,1105
1266,1106
1268,1107
1272,1108
1273,1109
1274,1110
1276,1111
1277,1112
1280,1113
1281,1114
1283,1115
1286,1116
1290,1117
1291,1118
1379,1118
1292,1119
1293,1120
1346,1120
1295,1121
1295,1122
1298,1123
1299,1124
1300,1125
1301,1126
1302,1127
1303,1128
1303,1129
1305,1130
1306,1131
1310,1132
1311,1133
1312,1134
1313,1135
1548,1135
1314,1136
1315,1137
1319,1138
1320,1139
1326,1140
1327,1141
1329,1142
1330,1143
1332,1144
1333,1145
1334,1146
1335,1147
1336,1148
1338,1149
1338,1150
1339,1151
1341,1152
1343,1153
1343,1154
1344,1155
1346,1156
1348,1157
1348,1158
1350,1159
1350,1160
1352,1161
1353,1162
1354,1163
1355,1164
1358,1165
1359,1166
1359,1167
1359,1168
1360,1169
1366,1170
1367,1171
1372,1172
1373,1173
1374,1174
1375,1175
1376,1176
1376,1177
1378,1178
1378,1179
1380,1180
1380,1181
1380,1182
1381,1183
1382,1184
1383,1185
1383,1186
1386,1187
1388,1188
1389,1189
1547,1189
1389,1190
1547,1190
1391,1191
1395,1192
1396,1193
1398,1194
1401,1195
1401,1196
1402,1197
1403,1198
1404,1199
1405,1200
1406,1201
1408,1202
1409,1203
1409,1204
1409,1205
1409,1206
1409,1207
1410,1208
1416,1209
1416,1210
1417,1211
1419,1212
1420,1213
1420,1214
1421,1215
1422,1216
1423,1217
1426,1218
1427,1219
1430,1220
1525,1220
1430,1221
1432,1222
1435,1223
1436,1224
1438,1225
1440,1226
1441,1227
1446,1228
1447,1229
1448,1230
1449,1231
1450,1232
1451,1233
1454,1234
1455,1235
1457,1236
1457,1237
1458,1238
1458,1239
1460,1240
1461,1241
1464,1242
1465,1243
1467,1244
1468,1245
1469,1246
1469,1247
1470,1248
1471,1249
1473,1250
1474,1251
1476,1252
1482,1253
1485,1254
1486,1255
1488,1256
1489,1257
1489,1258
1491,1259
1491,1260
1491,1261
1491,1262
1492,1263
1493,1264
1494,1265
1496,1266
1499,1267
1500,1268
1500,1269
1501,1270
1503,1271
1504,1272
1505,1273
1505,1274
1506,1275
1509,1276
1511,1277
1512,1278
1513,1279
1515,1280
1515,1281
1516,1282
1518,1283
1519,1284
1520,1285
1524,1286
1524,1287
1526,1288
1527,1289
1527,1290
1527,1291
1528,1292
1529,1293
1531,1294
1533,1295
1535,1296
1536,1297
1538,1298
1539,1299
1540,1300
1541,1301
1542,1302
1543,1303
1544,1304
1546,1305
1547,1306
1547,1307
1547,1308
1548,1309
1550,1310
1550,1311
1553,1312
1554,1313
1555,1314
1557,1315
1559,1316
1562,1317
1562,1318
1563,1319
1564,1320
1566,1321
1567,1322
1569,1323
1571,1324
1572,1325
1572,1326
1572,1327
1573,1328
1575,1329
1576,1330
1578,1331
1582,1332
1584,1333
1585,1334
1586,1335
1587,1336
1587,1337
1588,1338
