年份,影片,类型,总票房（万）,平均票价,场均人次,国家及地区,上映日期
2008年,赤壁(上),动作,"27,490",33,41,中国/中国香港/韩国,2008-07-10
2008年,画皮,爱情,"20,453",30,41,中国/中国香港/新加坡,2008-09-26
2008年,非诚勿扰,爱情,"17,641",34,62,中国/中国香港,2008-12-18
2008年,功夫熊猫,动画,"15,150",27,36,美国,2008-06-20
2008年,功夫之王,动作,"14,560",32,31,美国/中国,2008-04-24
2008年,007：大破量子危机,动作/惊悚,"12,046",31,29,英国/美国,2008-11-05
2008年,木乃伊3,惊悚,"11,000",31,27,德国/加拿大/美国/中国,2008-09-02
2008年,梅兰芳,剧情,"9,739",33,36,中国/中国香港,2008-12-04
2008年,大灌篮,爱情,"9,578",29,30,中国香港/中国台湾/中国,2008-02-08
2008年,全民超人汉考克,动作/喜剧,"9,227",28,31,美国,2008-07-02
2008年,钢铁侠,动作,"7,712",30,26,美国,2008-04-30
2008年,通缉令,惊悚/动作,"7,600",29,26,美国/德国,2008-10-09
2008年,国家宝藏：夺宝秘笈,惊悚,"7,300",31,25,美国,2008-03-17
2008年,史前一万年,科幻,"7,220",29,26,美国/新西兰,2008-03-21
2008年,集结号,剧情,"7,207",30,25,中国香港/中国/韩国,2007-12-20
2008年,纳尼亚传奇2：凯斯宾王子,魔幻,"6,631",29,27,英国/美国,2008-06-06
2008年,叶问,动作,"6,517",30,44,中国香港/中国,2008-12-12
2008年,尼斯湖怪·深水传说,惊悚,"6,280",27,29,美国/英国,2008-02-17
2008年,地心历险记,科幻,"6,025",48,48,美国,2008-09-28
2008年,三国之见龙卸甲,战争,"6,015",29,25,中国/韩国/中国香港,2008-04-03
2008年,无敌浩克,科幻/惊悚,"5,389",28,21,美国,2008-08-20
2008年,十全九美,喜剧,"4,474",24,27,中国,2008-08-01
2008年,保持通话,惊悚,"3,905",27,24,中国/中国香港,2008-09-27
2008年,江山美人,动作,"3,832",28,19,中国香港/中国,2008-03-07
2008年,水啸雾都,灾难/惊悚,"3,578",27,26,英国/南非/加拿大,2008-09-14
2009年,2012,灾难,"44,745",32,68,美国,2009-11-13
2009年,变形金刚2,科幻/动作,"40,364",32,53,美国,2009-06-24
2009年,建国大业,剧情,"39,288",32,54,中国/中国香港,2009-09-16
2009年,赤壁(下),动作,"24,353",34,49,中国/中国香港,2009-01-07
2009年,三枪拍案惊奇,喜剧,"22,011",33,49,中国,2009-12-10
2009年,十月围城,动作,"21,362",34,61,中国/中国香港,2009-12-17
2009年,风声,惊悚,"20,510",33,40,中国/中国香港,2009-09-29
2009年,南京！南京！,剧情,"15,976",30,39,中国/中国香港,2009-04-22
2009年,哈利·波特与混血王子,魔幻/动作,"15,524",31,46,英国/美国,2009-07-15
2009年,冰川时代3,动画,"15,049",44,61,美国,2009-07-08
2009年,特种部队：眼镜蛇的崛起,动作,"12,692",30,39,美国,2009-08-07
2009年,博物馆奇妙夜2,喜剧,"11,310",29,31,美国,2009-05-26
2009年,终结者2018,科幻,"10,957",30,30,美国/德国/英国,2009-06-09
2009年,游龙戏凤,爱情,"10,811",33,36,中国香港/中国,2009-01-26
2009年,疯狂的赛车,喜剧,"10,494",30,37,中国,2009-01-20
2009年,大内密探灵灵狗,喜剧,"10,022",29,42,中国香港/中国,2009-07-30
2009年,非常完美,爱情,"9,194",31,31,韩国/中国,2009-08-13
2009年,窃听风云,剧情,"8,635",29,42,中国香港/中国,2009-07-24
2009年,花木兰,爱情,"8,087",31,38,中国/美国,2009-11-27
2009年,喜羊羊与灰太狼之牛气冲天,动画,"7,960",26,49,中国,2009-01-16
2009年,飞屋环游记,动画,"7,907",43,41,美国,2009-08-04
2009年,金刚狼,动作,"7,695",30,25,美国,2009-05-03
2009年,非诚勿扰,爱情,"7,423",34,33,中国/中国香港,2008-12-18
2009年,麦兜响当当,动画,"7,021",28,41,中国香港/中国,2017-03-17
2009年,七龙珠,动作,"6,500",29,23,美国,2009-03-14
2010年,阿凡达,科幻/动作,"133,983",50,72,美国,2010-01-04
2010年,唐山大地震,剧情,"64,988",37,51,中国/中国香港,2010-07-22
2010年,让子弹飞,喜剧,"47,376",38,62,中国/中国香港,2010-12-16
2010年,盗梦空间,科幻/动作,"46,235",34,50,美国/英国,2010-09-01
2010年,非诚勿扰2,爱情,"32,850",39,62,中国/中国香港,2010-12-22
2010年,狄仁杰之通天帝国,动作,"28,616",33,40,中国/中国香港,2010-09-29
2010年,叶问2：宗师传奇,动作,"22,952",33,36,中国/中国香港,2010-04-27
2010年,爱丽丝梦游仙境,奇幻,"22,874",47,39,美国,2010-03-26
2010年,敢死队,动作,"21,443",32,38,美国,2010-08-20
2010年,哈利·波特与死亡圣器(上),魔幻/动作,"20,987",32,38,英国/美国,2010-11-19
2010年,赵氏孤儿,剧情,"18,004",33,34,中国,2010-12-04
2010年,钢铁侠2,科幻/动作,"17,508",33,33,美国,2010-05-07
2010年,诸神之战,魔幻/动作,"17,113",50,37,美国,2010-04-16
2010年,波斯王子：时之刃,科幻/动作,"15,907",32,35,美国,2010-05-28
2010年,大兵小将,动作,"15,728",32,40,中国/中国香港,2010-02-14
2010年,大笑江湖,喜剧,"15,093",32,32,中国/中国台湾,2010-12-03
2010年,山楂树之恋,爱情,"14,496",33,29,中国,2010-09-15
2010年,锦衣卫,动作,"14,030",33,39,中国/中国香港,2010-02-03
2010年,精武风云·陈真,动作,"13,821",33,33,中国/中国香港,2010-09-21
2010年,生化危机4：战神再生,动作/科幻,"13,548",40,26,美国/德国/法国/英国,2010-11-16
2010年,越光宝盒,喜剧,"13,059",32,31,中国香港/中国,2010-03-18
2010年,全城热恋,爱情,"12,942",34,38,中国/中国香港,2010-02-11
2010年,枪王之王,动作,"12,658",32,35,中国香港/中国,2010-07-02
2010年,杜拉拉升职记,爱情,"12,441",32,31,中国,2010-04-15
2010年,喜羊羊与灰太狼之虎虎生威,动画,"12,432",29,41,中国,2010-01-29
2011年,变形金刚3,科幻,"107,150",42,54,美国,2011-07-21
2011年,功夫熊猫2,动画,"61,198",38,42,美国,2011-05-28
2011年,加勒比海盗4：惊涛怪浪,魔幻/动作,"46,439",38,45,美国,2011-05-20
2011年,金陵十三钗,剧情,"45,013",41,47,中国,2011-12-15
2011年,建党伟业,战争,"40,719",35,37,中国/中国香港,2011-06-15
2011年,哈利·波特与死亡圣器(下),魔幻/动作,"40,245",39,40,英国/美国,2011-08-04
2011年,龙门飞甲,动作,"39,664",44,41,中国/中国香港,2011-12-15
2011年,失恋33天,爱情,"32,051",32,37,中国,2011-11-08
2011年,蓝精灵,动画,"25,221",38,38,美国,2011-08-10
2011年,速度与激情5,动作,"25,215",32,38,美国,2011-05-12
2011年,洛杉矶之战,科幻/战争,"22,600",32,32,美国,2011-03-18
2011年,新少林寺,动作,"21,253",36,34,中国/中国香港,2011-01-19
2011年,窃听风云2,动作,"20,887",34,30,中国/中国香港,2011-08-18
2011年,武林外传,喜剧,"19,600",36,36,中国,2011-01-26
2011年,将爱情进行到底,爱情,"19,363",35,27,中国,2011-02-12
2011年,猩球崛起,科幻/动作,"18,313",31,31,美国,2011-10-28
2011年,武侠,动作,"17,017",34,29,中国/中国香港,2011-07-04
2011年,白蛇传说,爱情,"16,878",33,25,中国,2011-09-28
2011年,最强囍事,喜剧,"16,493",34,35,中国香港/中国,2011-01-31
2011年,让子弹飞,喜剧,"16,310",38,28,中国/中国香港,2010-12-16
2011年,关云长,动作,"15,739",34,26,中国/中国香港,2011-04-26
2011年,画壁,奇幻,"14,934",33,26,中国/中国香港,2011-09-29
2011年,倩女幽魂,爱情,"14,093",34,22,中国/中国香港,2011-04-19
2011年,鸿门宴传奇,动作,"13,960",33,24,中国,2011-11-29
2011年,喜羊羊与灰太狼之兔年顶呱呱,动画,"13,916",31,31,中国,2011-01-21
2012年,人再囧途之泰囧,喜剧,"100,303",32,57,中国,2012-12-12
2012年,泰坦尼克号3D,爱情,"94,620",45,54,美国,2012-04-10
2012年,画皮2,爱情,"70,210",41,37,中国/中国香港,2012-06-28
2012年,碟中谍4,动作,"67,219",35,43,美国,2012-01-28
2012年,少年派的奇幻漂流,剧情,"57,289",39,38,美国,2012-11-22
2012年,复仇者联盟,科幻,"56,649",42,33,美国,2012-05-05
2012年,十二生肖,动作,"53,527",41,50,中国/中国香港,2012-12-20
2012年,黑衣人3,动作,"50,343",41,29,美国,2012-05-25
2012年,冰川时代4：大陆漂移,动画,"44,743",38,28,美国,2012-07-27
2012年,地心历险记2：神秘岛,科幻,"38,652",42,31,美国,2012-02-10
2012年,一九四二,剧情,"36,994",37,31,中国/中国香港,2012-11-29
2012年,蝙蝠侠：黑暗骑士崛起,动作,"33,878",37,29,美国/英国,2012-08-27
2012年,敢死队2,动作/惊悚,"33,158",33,26,美国/中国,2012-09-04
2012年,超凡蜘蛛侠,科幻,"31,052",41,26,美国,2012-08-27
2012年,超级战舰,动作/科幻,"31,011",34,31,美国,2012-04-18
2012年,异星战场,科幻/动作,"26,009",40,25,美国,2012-03-16
2012年,寒战,动作,"25,304",32,21,中国香港,2012-11-08
2012年,听风者,剧情,"23,217",35,26,中国/中国香港,2012-08-07
2012年,普罗米修斯,科幻,"22,321",40,23,美国,2012-09-02
2012年,谍影重重4,动作,"21,315",33,22,美国,2012-10-25
2012年,马达加斯加3,动画,"20,916",39,24,美国,2012-06-08
2012年,四大名捕,动作,"19,182",33,23,中国/中国香港,2012-07-12
2012年,大侦探福尔摩斯2：诡影游戏,动作,"18,806",33,37,美国,2012-01-15
2012年,饥饿游戏,动作/科幻,"17,434",34,26,美国,2012-06-14
2012年,大魔术师,爱情,"17,363",34,33,中国/中国香港,2012-01-12
2013年,西游降魔篇,奇幻,"124,699",40,41,中国/中国香港,2013-02-10
2013年,钢铁侠3,科幻,"75,486",42,33,美国/中国,2013-05-01
2013年,致我们终将逝去的青春,爱情,"71,910",32,36,中国,2013-04-26
2013年,环太平洋,科幻,"69,465",40,38,美国,2013-07-31
2013年,狄仁杰之神都龙王,动作,"60,078",40,30,中国,2013-09-28
2013年,私人订制,喜剧,"58,872",36,35,中国/中国香港,2013-12-19
2013年,中国合伙人,剧情,"53,879",32,27,中国/中国香港,2013-05-17
2013年,北京遇上西雅图,爱情,"51,975",32,31,中国/中国香港,2013-03-21
2013年,小时代,爱情,"48,436",32,32,中国,2013-06-27
2013年,地心引力,科幻,"43,553",41,23,美国,2013-11-19
2013年,速度与激情6,动作,"41,330",33,33,美国,2013-07-26
2013年,疯狂原始人,动画,"39,472",37,28,美国,2013-04-20
2013年,超人：钢铁之躯,动作,"39,448",41,28,美国,2013-06-20
2013年,007：大破天幕杀机,动作,"37,613",35,29,英国/美国,2013-01-21
2013年,星际迷航：暗黑无界,科幻,"35,294",41,23,美国,2013-05-28
2013年,侏罗纪公园,科幻,"34,886",38,26,美国,2013-08-20
2013年,十二生肖,动作,"34,588",39,27,中国/中国香港,2012-12-20
2013年,警察故事2013,动作,"34,537",40,32,中国/中国香港,2013-12-24
2013年,雷神2：黑暗世界,动作,"34,240",39,22,美国,2013-11-08
2013年,特种部队2：全面反击,动作,"33,806",40,25,美国,2013-04-15
2013年,霍比特人1：意外旅程,魔幻,"31,579",44,27,美国,2013-02-22
2013年,风暴,动作,"30,828",39,23,中国/中国香港,2013-12-12
2013年,天机·富春山居图,动作,"30,032",39,24,中国/中国香港,2013-06-09
2013年,小时代2：青木时代,爱情,"29,590",31,29,中国/中国台湾,2013-08-08
2013年,一代宗师,动作,"28,784",36,25,中国/中国香港,2013-01-08
2014年,变形金刚4：绝迹重生,科幻,"197,751",42,50,美国/中国,2014-06-27
2014年,心花路放,喜剧,"116,934",34,36,中国,2014-09-30
2014年,西游记之大闹天宫,魔幻,"104,549",42,40,中国/中国香港,2014-01-31
2014年,星际穿越,科幻,"75,532",36,34,美国/英国,2014-11-12
2014年,X战警：逆转未来,科幻,"72,296",37,29,美国,2014-05-23
2014年,美国队长2：冬日战士,动作,"71,853",39,29,美国,2014-04-04
2014年,猩球崛起2：黎明之战,科幻,"70,922",37,28,美国,2014-08-29
2014年,爸爸去哪儿,剧情,"69,628",32,41,中国,2014-01-31
2014年,分手大师,喜剧,"66,540",33,34,中国,2014-06-27
2014年,后会无期,爱情,"62,881",32,34,中国,2014-07-24
2014年,银河护卫队,动作,"59,601",39,23,美国,2014-10-10
2014年,超凡蜘蛛侠2,科幻,"58,559",39,23,美国,2014-05-04
2014年,匆匆那年,爱情,"58,162",35,25,中国,2014-12-05
2014年,澳门风云,喜剧,"52,470",32,31,中国/中国香港,2014-01-31
2014年,小时代3：刺金时代,爱情,"52,156",32,33,中国,2014-07-17
2014年,一步之遥,喜剧,"49,195",42,26,中国/中国香港,2014-12-18
2014年,哥斯拉,科幻,"48,142",38,26,美国,2014-06-13
2014年,霍比特人2：史矛革之战,魔幻,"46,271",41,26,美国,2014-02-21
2014年,同桌的妳,爱情,"45,574",33,23,中国,2014-04-25
2014年,智取威虎山,动作,"45,527",41,33,中国/中国香港,2014-12-23
2014年,敢死队3,动作,"45,327",32,23,美国/中国,2014-09-01
2014年,京城81号,惊悚,"41,184",35,30,中国,2014-07-18
2014年,极品飞车,动作,"41,168",38,22,美国,2014-03-14
2014年,明日边缘,科幻,"40,641",38,24,美国,2014-06-06
2014年,北京爱情故事,爱情,"40,552",34,26,中国/中国香港,2014-02-13
2015年,捉妖记,奇幻,"243,997",37,42,中国香港/中国,2015-07-16
2015年,速度与激情7,动作,"242,658",39,42,美国/日本,2015-04-12
2015年,港囧,喜剧,"161,354",33,40,中国,2015-09-25
2015年,复仇者联盟2：奥创纪元,科幻,"146,439",40,29,美国,2015-05-12
2015年,夏洛特烦恼,喜剧,"144,160",32,34,中国,2015-09-30
2015年,侏罗纪世界,动作,"142,070",38,33,美国,2015-06-10
2015年,寻龙诀,动作,"137,391",36,45,中国香港/中国,2015-12-18
2015年,煎饼侠,喜剧,"116,031",33,39,中国,2015-07-17
2015年,澳门风云2,喜剧,"97,485",39,37,中国香港/中国,2015-02-19
2015年,西游记之大圣归来,动画,"95,643",35,34,中国,2015-07-10
2015年,碟中谍5：神秘国度,动作,"86,977",33,26,美国/中国,2015-09-08
2015年,霍比特人3：五军之战,奇幻,"76,650",40,30,美国/新西兰,2015-01-23
2015年,天将雄师,动作,"74,418",41,38,中国,2015-02-19
2015年,终结者：创世纪,科幻,"72,536",37,24,美国,2015-08-23
2015年,狼图腾,剧情,"69,960",39,34,中国/法国,2015-02-19
2015年,九层妖塔,动作,"68,293",34,30,中国,2015-09-30
2015年,蚁人,科幻,"67,176",36,22,美国,2015-10-16
2015年,末日崩塌,灾难,"62,967",37,24,美国,2015-06-02
2015年,恶棍天使,喜剧,"59,736",30,46,中国,2015-12-24
2015年,火星救援,科幻,"58,690",37,24,美国,2015-11-25
2015年,杀破狼2,动作,"56,040",36,25,中国/中国香港,2015-06-18
2015年,战狼,动作,"54,447",34,25,中国,2015-04-02
2015年,007：幽灵党,动作,"54,209",32,28,美国/英国,2015-11-13
2015年,哆啦A梦：伴我同行,动画,"53,032",35,22,日本,2015-05-28
2015年,超能陆战队,动画,"52,643",37,26,美国,2015-02-28
2016年,美人鱼,喜剧,"339,210",37,44,中国/中国香港,2016-02-08
2016年,疯狂动物城,动画,"153,033",34,29,美国,2016-03-04
2016年,魔兽,动作,"147,214",37,25,美国,2016-06-08
2016年,美国队长3：英雄内战,动作,"124,625",35,25,美国,2016-05-06
2016年,西游记之孙悟空三打白骨精,动作,"120,101",37,36,中国,2016-02-08
2016年,湄公河行动,动作,"118,417",30,25,中国香港/中国,2016-09-30
2016年,澳门风云3,喜剧,"111,818",36,36,中国/中国香港,2016-02-08
2016年,盗墓笔记,奇幻,"100,439",35,27,中国,2016-08-05
2016年,功夫熊猫3,动画,"100,200",36,25,中国/美国,2016-01-29
2016年,长城,奇幻,"97,937",35,25,美国/中国,2016-12-16
2016年,奇幻森林,奇幻,"97,933",34,24,美国,2016-04-15
2016年,绝地逃亡,动作,"88,938",35,25,美国/中国香港/中国,2016-07-21
2016年,星球大战：原力觉醒,科幻,"82,557",37,24,美国,2016-01-09
2016年,从你的全世界路过,爱情,"81,417",31,22,中国,2016-09-29
2016年,X战警：天启,动作,"80,284",34,23,美国,2016-06-03
2016年,北京遇上西雅图之不二情书,爱情,"78,675",34,24,中国/中国香港,2016-04-29
2016年,叶问3,动作,"77,028",39,23,中国/中国香港,2016-03-04
2016年,奇异博士,奇幻,"75,165",35,18,美国,2016-11-04
2016年,唐人街探案,喜剧,"68,262",32,31,中国,2015-12-31
2016年,寒战2,动作,"67,819",37,27,中国香港/中国,2016-07-08
2016年,惊天魔盗团2,动作,"63,890",33,27,美国,2016-06-24
2016年,蝙蝠侠大战超人：正义黎明,动作,"61,908",36,23,美国,2016-03-25
2016年,使徒行者,动作,"60,624",29,24,中国香港/中国,2016-08-11
2016年,神奇动物在哪里,奇幻,"58,921",35,21,美国/英国,2016-11-25
2016年,你的名字。,动画,"56,592",28,22,日本,2016-12-02
2017年,战狼2,动作,"567,875",36,38,中国,2017-07-27
2017年,速度与激情8,动作,"267,096",37,30,美国,2017-04-14
2017年,羞羞的铁拳,喜剧,"220,175",33,25,中国,2017-09-30
2017年,功夫瑜伽,喜剧,"175,259",38,33,印度/中国,2017-01-28
2017年,西游伏妖篇,奇幻,"165,593",39,36,中国香港/中国,2017-01-28
2017年,变形金刚5：最后的骑士,动作,"155,124",37,23,美国,2017-06-23
2017年,摔跤吧！爸爸,喜剧,"129,912",30,22,印度,2017-05-05
2017年,芳华,战争,"118,754",34,28,中国,2017-12-15
2017年,加勒比海盗5：死无对证,动作,"117,991",36,22,美国,2017-05-26
2017年,金刚：骷髅岛,动作,"116,050",35,20,美国,2017-03-24
2017年,寻梦环游记,动画,"115,251",34,18,美国,2017-11-24
2017年,极限特工：终极回归,动作,"112,741",36,23,美国,2017-02-10
2017年,生化危机：终章,科幻,"111,182",35,20,美国/德国,2017-02-24
2017年,乘风破浪,剧情,"104,853",36,27,中国,2017-01-28
2017年,神偷奶爸3,动画,"103,780",34,20,美国,2017-07-07
2017年,蜘蛛侠：英雄归来,动作,"77,414",35,16,美国,2017-09-08
2017年,大闹天竺,喜剧,"75,793",36,31,中国,2017-01-28
2017年,雷神3：诸神黄昏,动作,"74,303",35,15,美国,2017-11-03
2017年,猩球崛起3：终极之战,动作,"73,978",35,16,美国,2017-09-15
2017年,金刚狼3：殊死一战,动作,"73,163",32,16,美国,2017-03-03
2017年,悟空传,奇幻,"69,653",36,17,中国,2017-07-13
2017年,正义联盟,动作,"69,008",35,13,美国,2017-11-17
2017年,银河护卫队2,科幻,"68,611",37,17,美国,2017-05-05
2017年,新木乃伊,动作,"62,560",35,16,美国,2017-06-09
2017年,神奇女侠,动作/奇幻,"61,010",36,16,美国,2017-06-02
2018年,红海行动,动作,"365,078",39,33,中国/中国香港,2018-02-16
2018年,唐人街探案2,喜剧,"339,769",39,39,中国,2018-02-16
2018年,我不是药神,剧情,"309,996",35,27,中国,2018-07-05
2018年,西虹市首富,喜剧,"254,757",35,28,中国,2018-07-27
2018年,复仇者联盟3：无限战争,动作,"239,053",38,19,美国,2018-05-11
2018年,捉妖记2,喜剧,"223,708",38,44,中国香港/中国,2018-02-16
2018年,毒液：致命守护者,动作,"187,013",36,17,美国,2018-11-09
2018年,海王,动作,"185,218",36,19,美国,2018-12-07
2018年,侏罗纪世界2,动作,"169,588",36,19,美国,2018-06-15
2018年,前任3：再见前任,爱情,"164,667",35,27,中国,2017-12-29
2018年,头号玩家,科幻,"139,666",36,18,美国,2018-03-30
2018年,后来的我们,爱情,"136,152",34,21,中国,2018-04-28
2018年,一出好戏,喜剧,"135,505",35,26,中国,2018-08-10
2018年,无双,动作,"127,376",36,15,中国/中国香港,2018-09-30
2018年,碟中谍6：全面瓦解,动作,"124,522",37,15,美国,2018-08-31
2018年,巨齿鲨,动作,"105,178",38,22,美国,2018-08-10
2018年,狂暴巨兽,动作,"100,395",35,13,美国,2018-04-13
2018年,超时空同居,奇幻,"89,988",33,12,中国,2018-05-18
2018年,蚁人2：黄蜂女现身,动作,"83,156",36,15,美国/英国,2018-08-24
2018年,无名之辈,剧情,"79,409",35,12,中国,2018-11-16
2018年,无问西东,剧情,"75,430",31,18,中国,2018-01-12
2018年,神秘巨星,剧情,"74,707",30,17,印度,2018-01-19
2018年,西游记女儿国,喜剧,"72,738",40,33,中国,2018-02-16
2018年,摩天营救,动作,"66,981",35,18,美国,2018-07-20
2018年,黑豹,动作,"66,259",36,17,美国,2018-03-09
2019年,哪吒之魔童降世,动画,"500,359",36,24,中国,2019-07-26
2019年,流浪地球,科幻,"468,150",45,29,中国,2019-02-05
2019年,复仇者联盟4：终局之战,动作,"424,922",49,23,美国,2019-04-24
2019年,我和我的祖国,剧情,"312,366",39,36,中国,2019-09-30
2019年,中国机长,剧情,"290,354",38,27,中国,2019-09-30
2019年,疯狂的外星人,喜剧,"221,275",42,30,中国,2019-02-05
2019年,飞驰人生,喜剧,"172,733",42,25,中国,2019-02-05
2019年,烈火英雄,灾难,"170,339",36,19,中国,2019-08-01
2019年,少年的你,剧情,"155,623",36,16,中国,2019-10-25
2019年,速度与激情：特别行动,动作,"143,430",36,15,美国,2019-08-23
2019年,蜘蛛侠：英雄远征,动作,"141,751",36,17,美国,2019-06-28
2019年,扫毒2：天地对决,剧情,"131,143",36,17,中国/中国香港,2019-07-05
2019年,大黄蜂,动作,"114,956",36,11,美国,2019-01-04
2019年,攀登者,剧情,"109,501",37,22,中国,2019-09-30
2019年,惊奇队长,动作,"103,518",37,14,美国,2019-03-08
2019年,比悲伤更悲伤的故事,爱情,"95,792",31,15,中国台湾,2019-03-14
2019年,哥斯拉2：怪兽之王,科幻,"93,737",37,15,美国,2019-05-31
2019年,阿丽塔：战斗天使,动作,"89,698",38,14,美国/加拿大/阿根廷,2019-02-22
2019年,银河补习班,剧情,"87,772",34,16,中国,2019-07-18
2019年,误杀,剧情,"83,173",34,15,中国,2019-12-13
2019年,狮子王,剧情,"83,164",37,16,美国,2019-07-12
2019年,冰雪奇缘2,动画,"82,296",35,12,美国,2019-11-22
2019年,反贪风暴4,动作,"79,860",35,11,中国/中国香港,2019-04-04
2019年,叶问4：完结篇,动作,"76,325",36,17,中国/中国香港,2019-12-20
2019年,熊出没·原始时代,动画,"71,781",39,22,中国,2019-02-05
2020年,八佰,战争,"310,232",38,20,中国,2020-08-21
2020年,我和我的家乡,剧情,"282,883",39,19,中国,2020-10-01
2020年,姜子牙,动画,"160,298",40,19,中国,2020-10-01
2020年,金刚川,剧情,"112,289",37,8,中国,2020-10-23
2020年,夺冠,剧情,"83,567",39,11,中国,2020-09-25
2020年,拆弹专家2,动作,"60,229",38,17,中国,2020-12-24
2020年,除暴,动作,"53,761",37,8,中国,2020-11-20
2020年,宠爱,剧情,"51,060",35,7,中国,2019-12-31
2020年,我在时间尽头等你,爱情,"50,433",35,16,中国,2020-08-25
2020年,误杀,剧情,"50,227",32,8,中国,2019-12-13
2020年,信条,科幻,"45,507",39,10,美国/英国,2020-09-04
2020年,紧急救援,剧情,"43,861",39,10,中国,2020-12-18
2020年,叶问4：完结篇,动作,"41,914",36,7,中国/中国香港,2019-12-20
2020年,沐浴之王,喜剧,"40,255",34,10,中国,2020-12-11
2020年,晴雅集,动作,"36,892",37,15,中国,2020-12-25
2020年,疯狂原始人2,动画,"33,803",35,8,美国,2020-11-27
2020年,如果声音不记得,爱情,"33,498",36,7,中国,2020-12-04
2020年,一点就到家,剧情,"31,216",37,8,中国,2020-10-04
2020年,急先锋,动作,"29,381",38,9,中国,2020-09-30
2020年,花木兰,剧情,"27,733",36,7,中国/美国,2020-09-11
2020年,送你一朵小红花,剧情,"23,660",38,67,中国,2020-12-31
2020年,温暖的抱抱,喜剧,"19,502",37,48,中国,2020-12-31
2020年,哈利·波特与魔法石,魔幻/动作,"19,167",35,9,英国,2002-01-31
2020年,赤狐书生,奇幻,"18,566",36,6,中国,2020-12-04
2020年,神奇女侠1984,动作,"16,218",39,8,美国,2020-12-18
2021年,长津湖,剧情,"577,283",46,22,中国,2021-09-30
2021年,你好，李焕英,喜剧,"541,330",45,24,中国,2021-02-12
2021年,唐人街探案3,喜剧,"451,505",48,31,中国,2021-02-12
2021年,我和我的父辈,剧情,"147,688",43,16,中国,2021-09-30
2021年,速度与激情9,动作,"139,233",39,13,美国,2021-05-21
2021年,怒火·重案,动作,"132,908",39,8,中国,2021-07-30
2021年,中国医生,剧情,"132,819",36,11,中国,2021-07-09
2021年,哥斯拉大战金刚,动作,"123,263",37,9,美国,2021-03-26
2021年,送你一朵小红花,剧情,"119,591",37,10,中国,2020-12-31
2021年,悬崖之上,剧情,"119,015",39,12,中国,2021-04-30
2021年,刺杀小说家,奇幻,"103,521",47,16,中国,2021-02-12
2021年,扬名立万,喜剧,"91,949",38,7,中国,2021-11-11
2021年,我的姐姐,剧情,"86,019",37,9,中国,2021-04-02
2021年,误杀2,剧情,"83,912",40,11,中国,2021-12-17
2021年,你的婚礼,爱情,"78,926",38,15,中国,2021-04-30
2021年,人潮汹涌,剧情,"76,248",41,10,中国,2021-02-12
2021年,拆弹专家2,动作,"71,249",39,8,中国,2020-12-24
2021年,温暖的抱抱,喜剧,"66,953",37,9,中国,2020-12-31
2021年,失控玩家,动作,"61,250",39,7,美国,2021-08-27
2021年,白蛇2：青蛇劫起,动画,"58,014",39,7,中国,2021-07-23
2021年,熊出没·狂野大陆,动画,"55,989",44,19,中国,2021-02-12
2021年,1921,剧情,"50,389",35,8,中国,2021-07-01
2021年,新神榜：哪吒重生,动画,"45,648",44,14,中国,2021-02-12
2021年,峰爆,剧情,"43,766",38,8,中国,2021-09-17
2021年,古董局中局,剧情,"42,920",38,6,中国,2021-12-03
2022年,长津湖之水门桥,战争,"406,922",49,19,中国,2022-02-01
2022年,独行月球,喜剧,"310,476",42,12,中国,2022-07-29
2022年,这个杀手不太冷静,喜剧,"262,919",48,14,中国,2022-02-01
2022年,人生大事,剧情,"171,316",40,10,中国,2022-06-24
2022年,万里归途,剧情,"159,305",42,8,中国,2022-09-30
2022年,奇迹·笨小孩,剧情,"137,993",46,11,中国,2022-02-01
2022年,侏罗纪世界3,动作,"105,993",36,8,美国,2022-06-10
2022年,熊出没·重返地球,动画,"97,830",47,16,中国,2022-02-01
2022年,阿凡达：水之道,动作,"95,417",54,8,美国,2022-12-16
2022年,神探大战,剧情,"71,224",38,8,中国/中国香港,2022-07-08
2022年,明日战记,动作,"67,980",41,7,中国/中国香港,2022-08-05
2022年,穿过寒冬拥抱你,剧情,"66,564",42,8,中国,2021-12-31
2022年,狙击手,剧情,"60,832",45,7,中国,2022-02-01
2022年,新神榜：杨戬,动画,"55,586",42,5,中国,2022-08-19
2022年,哥，你好,喜剧,"54,831",42,4,中国,2022-09-09
2022年,四海,剧情,"54,295",53,17,中国,2022-02-01
2022年,反贪风暴5：最终章,动作,"48,150",41,7,中国/中国香港,2021-12-31
2022年,李茂扮太子,喜剧,"46,223",39,7,中国,2022-01-01
2022年,坏蛋联盟,动画,"33,523",34,4,美国,2022-04-29
2022年,误杀2,剧情,"28,259",38,7,中国,2021-12-17
2022年,小黄人大眼萌：神偷奶爸前传,动画,"23,806",35,6,美国,2022-08-19
2022年,断·桥,剧情,"23,271",40,7,中国,2022-08-13
2022年,外太空的莫扎特,奇幻,"22,408",41,6,中国,2022-07-15
2022年,平凡英雄,剧情,"21,555",40,4,中国,2022-09-30
2022年,想见你,爱情,"21,291",41,7,中国/中国台湾,2022-12-24
2023年,满江红,剧情,"454,589",50,24,中国,2023-01-22
2023年,流浪地球2,科幻,"403,027",51,21,中国,2023-01-22
2023年,孤注一掷,剧情,"385,118",41,18,中国,2023-08-08
2023年,消失的她,剧情,"352,669",42,21,中国,2023-06-22
2023年,封神第一部：朝歌风云,剧情,"263,607",43,16,中国,2023-07-20
2023年,八角笼中,剧情,"220,871",41,18,中国,2023-07-06
2023年,长安三万里,动画,"182,540",41,19,中国,2023-07-08
2023年,熊出没·伴我“熊芯”,动画,"149,594",46,19,中国,2023-01-22
2023年,坚如磐石,剧情,"134,883",43,10,中国,2023-09-28
2023年,人生路不熟,喜剧,"118,561",41,9,中国,2023-04-28
2023年,前任4：英年早婚,爱情,"101,088",42,10,中国,2023-09-28
2023年,速度与激情10,动作,"98,541",38,9,美国,2023-05-17
2023年,无名,剧情,"93,158",52,17,中国,2023-01-22
2023年,深海,动画,"91,976",47,11,中国,2023-01-22
2023年,热烈,剧情,"91,376",41,15,中国,2023-07-28
2023年,志愿军：雄兵出击,战争,"85,310",42,9,中国,2023-09-28
2023年,巨齿鲨2：深渊,动作,"85,199",42,14,美国/中国,2023-08-04
2023年,长空之王,剧情,"85,033",42,10,中国,2023-04-28
2023年,铃芽之旅,动画,"80,822",33,9,日本,2023-03-24
2023年,阿凡达：水之道,动作,"74,333",46,7,美国,2022-12-16
2023年,保你平安,剧情,"70,096",42,6,中国,2023-03-10
2023年,莫斯科行动,动作,"66,221",42,8,中国,2023-09-29
2023年,灌篮高手,动画,"66,018",36,9,日本,2023-04-20
2023年,变形金刚：超能勇士崛起,科幻,"65,603",37,9,美国,2023-06-09
2023年,学爸,剧情,"61,473",41,10,中国,2023-08-18
2024年,热辣滚烫,剧情,"342,487",48,22,中国,2024-02-10
2024年,飞驰人生2,剧情,"336,774",48,19,中国,2024-02-10
2024年,抓娃娃,喜剧,"332,980",41,14,中国,2024-07-16
2024年,第二十条,剧情,"243,609",46,16,中国,2024-02-10
2024年,熊出没·逆转时空,动画,"198,949",46,22,中国,2024-02-10
2024年,默杀,剧情,"135,256",41,10,中国,2024-07-03
2024年,志愿军:存亡之战,剧情,"120,840",41,10,中国,2024-09-30
2024年,年会不能停！,剧情,"105,878",39,7,中国,2023-12-29
2024年,哥斯拉大战金刚2：帝国崛起,动作,"95,801",43,7,美国,2024-03-29
2024年,你想活出怎样的人生,动画,"79,171",39,7,日本,2024-04-03
2024年,异形：夺命舰,科幻,"78,723",41,7,美国,2024-08-16
2024年,末路狂花钱,喜剧,"78,235",40,7,中国,2024-05-01
2024年,好东西,剧情,"71,366",42,6,中国,2024-11-22
2024年,九龙城寨之围城,动作,"68,570",41,7,中国,2024-05-01
2024年,毒液：最后一舞,动作,"68,533",41,6,美国,2024-10-23
2024年,周处除三害,动作,"66,611",39,7,中国台湾,2024-03-01
2024年,维和防暴队,动作,"51,223",42,8,中国,2024-05-01
2024年,云边有个小卖部,剧情,"49,933",41,6,中国,2024-06-22
2024年,重生,动作,"46,516",42,6,中国,2024-08-16
2024年,浴火之路,剧情,"46,259",39,8,中国,2024-10-01
2024年,死侍与金刚狼,喜剧,"43,111",43,9,美国,2024-07-26
2024年,白蛇：浮生,动画,"42,574",41,7,中国,2024-08-10
2024年,神偷奶爸4,动画,"42,436",40,8,美国,2024-07-12
2024年,金手指,剧情,"41,713",40,6,中国/中国香港,2023-12-30
2024年,749局,科幻,"37,620",41,11,中国,2024-10-01
2025年,哪吒之魔童闹海,动画,"1,546,257",48,24,中国,2025-01-29
2025年,唐探1900,喜剧,"361,576",49,19,中国,2025-01-29
2025年,封神第二部：战火西岐,动作,"124,006",51,20,中国,2025-01-29
2025年,熊出没·重启未来,动画,"82,222",47,15,中国,2025-01-29
2025年,射雕英雄传：侠之大者,动作,"69,055",49,24,中国,2025-01-29
2025年,误杀3,剧情,"63,546",42,6,中国,2024-12-28
2025年,碟中谍8：最终清算,动作,"45,773",42,6,美国,2025-05-30
2025年,水饺皇后,剧情,"41,979",39,4,中国,2025-04-30
2025年,小小的我,剧情,"39,484",40,5,中国,2024-12-27
2025年,蛟龙行动,动作,"39,418",50,19,中国,2025-01-29
2025年,酱园弄·悬案,剧情,"35,305",38,6,中国/中国香港,2025-06-21
2025年,“骗骗”喜欢你,爱情,"34,460",35,6,中国,2024-12-31
2025年,猎金·游戏,剧情,"29,883",40,4,中国,2025-05-01
2025年,新·驯龙高手,剧情,"24,113",41,4,美国,2025-06-13
2025年,向阳·花,剧情,"23,079",40,3,中国,2025-04-04
2025年,名侦探柯南：独眼的残像,动画,"22,145",38,7,日本,2025-06-27
2025年,我的世界大电影,动画,"21,293",39,3,美国/瑞典,2025-04-04
2025年,时间之子,动画,"18,744",35,4,中国,2025-05-30
2025年,星际宝贝史迪奇,动画,"18,127",40,4,美国,2025-05-23
2025年,不说话的爱,剧情,"14,432",41,3,中国,2025-04-03
2025年,人生开门红,喜剧,"13,933",39,3,中国,2025-05-01
2025年,侏罗纪世界：重生,科幻,"12,122",41,8,美国,2025-07-02
2025年,雷霆特攻队*,动作,"11,690",44,4,美国,2025-04-30
2025年,幽灵公主,动画,"11,147",40,4,日本,2025-05-01
2025年,哆啦A梦：大雄的绘画奇遇记,动画,"11,113",37,4,日本,2025-05-31
